yr-m,ff,fftarget,bond,inf,infexcl,caputil,capgap,ip,ipgap,unr,unrgap
1971-1,4.14,4.25,6.24,5.291005291,6.313131313,79.558,-1.3547,46.793,-0.030585,5.9,-0.35889
1971-2,3.72,3.5,6.11,5,5.778894472,79.199,-1.7137,46.704,-0.035927,5.9,-0.35889
1971-3,3.71,3.5,5.7,4.712041885,5.236907731,78.908,-2.0047,46.653,-0.040457,6,-0.25889
1971-4,4.15,3.5,5.83,4.155844156,4.962779156,79.145,-1.7677,46.915,-0.038293,5.9,-0.35889
1971-5,4.63,3.5,6.39,4.404145078,5.185185185,79.34,-1.5727,47.153,-0.036667,5.9,-0.35889
1971-6,4.91,3.5,6.52,4.639175258,4.901960784,79.467,-1.4457,47.351,-0.035909,5.9,-0.35889
1971-7,5.31,5,6.73,4.358974359,4.88997555,79.032,-1.8807,47.214,-0.042233,6,-0.25889
1971-8,5.56,5,6.58,4.615384615,4.634146341,78.371,-2.5417,46.94,-0.051474,6.1,-0.15889
1971-9,5.55,5,6.14,4.081632653,4.358353511,79.44,-1.4727,47.703,-0.038761,6,-0.25889
1971-10,5.2,5,5.93,3.807106599,3.846153846,79.829,-1.0837,48.06,-0.034706,5.8,-0.45889
1971-11,4.91,4.75,5.81,3.282828283,3.341288783,79.963,-0.94969,48.264,-0.033856,6,-0.25889
1971-12,4.14,4,5.93,3.266331658,3.087885986,80.68,-0.23269,48.821,-0.025749,6,-0.25889
1972-1,3.5,4,5.95,3.266331658,3.087885986,82.382,1.4693,49.981,-0.0056126,5.8,-0.45889
1972-2,3.29,4,6.08,3.50877193,3.325415677,82.918,2.0053,50.42,-0.00018851,5.7,-0.55889
1972-3,3.83,5.5,6.07,3.5,3.317535545,83.353,2.4403,50.801,0.004048,5.8,-0.45889
1972-4,4.17,5.5,6.19,3.49127182,3.309692671,84.005,3.0923,51.316,0.010876,5.7,-0.55889
1972-5,4.27,5.5,6.13,3.225806452,3.051643192,83.812,2.8993,51.318,0.0076939,5.7,-0.55889
1972-6,4.46,5.5,6.11,2.709359606,2.803738318,83.863,2.9503,51.473,0.0075294,5.7,-0.55889
1972-7,4.55,5.5,6.11,2.948402948,2.797202797,83.71,2.7973,51.505,0.0050151,5.6,-0.65889
1972-8,4.8,5.5,6.21,2.941176471,3.263403263,84.588,3.6753,52.177,0.01489,5.6,-0.65889
1972-9,4.87,5.5,6.55,3.18627451,2.784222738,85.024,4.1113,52.583,0.019606,5.5,-0.75889
1972-10,5.04,5.5,6.48,3.422982885,3.009259259,85.91,4.9973,53.275,0.0297,5.6,-0.65889
1972-11,5.06,5.5,6.28,3.667481663,3.002309469,86.644,5.7313,53.881,0.038089,5.3,-0.95889
1972-12,5.33,5.5,6.36,3.406326034,2.995391705,87.42,6.5073,54.521,0.047037,5.2,-1.0589
1973-1,5.94,6,6.46,3.649635036,2.764976959,87.689,6.7763,54.851,0.050276,4.9,-1.3589
1973-2,6.58,6.75,6.64,3.87409201,2.75862069,88.731,7.8183,55.673,0.062422,5,-1.2589
1973-3,7.09,6.75,6.71,4.589371981,2.981651376,88.449,7.5363,55.67,0.059708,4.9,-1.3589
1973-4,7.12,7.25,6.67,5.060240964,3.203661327,87.972,7.0593,55.546,0.054888,5,-1.2589
1973-5,7.84,8.25,6.85,5.528846154,3.189066059,88.326,7.4133,55.95,0.059616,4.9,-1.3589
1973-6,8.49,9.25,6.9,5.995203837,3.181818182,88.113,7.2003,55.998,0.058025,4.9,-1.3589
1973-7,10.4,9.5,7.13,5.727923628,3.174603175,88.201,7.2883,56.237,0.059907,4.8,-1.4589
1973-8,10.5,9.5,7.4,7.380952381,3.16027088,87.783,6.8703,56.154,0.056123,4.8,-1.4589
1973-9,10.78,9.5,7.09,7.363420428,3.837471783,88.269,7.3563,56.647,0.062626,4.8,-1.4589
1973-10,10.01,9.5,6.79,7.80141844,4.269662921,88.549,7.6363,57.008,0.066808,4.6,-1.6589
1973-11,10.03,9.5,6.73,8.254716981,4.484304933,88.702,7.7893,57.287,0.069584,4.8,-1.4589
1973-12,9.95,9.5,6.74,8.705882353,4.697986577,88.204,7.2913,57.141,0.064989,4.9,-1.3589
1974-1,9.65,9.5,6.99,9.389671362,4.932735426,87.294,6.3813,56.724,0.05568,5.1,-1.1589
1974-2,8.97,9.5,6.96,10.02331002,5.369127517,86.755,5.8423,56.541,0.050519,5.2,-1.0589
1974-3,9.35,10,7.21,10.3926097,5.79064588,86.497,5.5843,56.535,0.048534,5.1,-1.1589
1974-4,10.51,11,7.51,10.09174312,6.208425721,86.149,5.2363,56.464,0.045443,5.1,-1.1589
1974-5,11.31,11,7.58,10.70615034,6.843267108,86.425,5.5123,56.796,0.049512,5.1,-1.1589
1974-6,11.93,11,7.54,10.85972851,7.929515419,86.094,5.1813,56.724,0.046484,5.4,-0.85889
1974-7,12.92,9.25,7.81,11.51241535,8.791208791,85.938,5.0253,56.76,0.045388,5.5,-0.75889
1974-8,12.01,9.25,8.04,10.86474501,9.628008753,84.948,4.0353,56.238,0.034439,5.5,-0.75889
1974-9,11.34,9.25,8.04,11.94690265,10.2173913,84.801,3.8883,56.267,0.03326,5.9,-0.35889
1974-10,10.06,9.25,7.9,12.06140351,10.56034483,84.305,3.3923,56.059,0.027869,6,-0.25889
1974-11,9.45,9.25,7.68,12.20043573,11.15879828,81.351,0.43831,54.207,-0.0074127,6.6,0.34111
1974-12,8.53,8,7.43,12.33766234,11.11111111,78.312,-2.6007,52.286,-0.045189,7.2,0.94111
1975-1,7.13,7.25,7.5,11.80257511,11.53846154,77.165,-3.7477,51.618,-0.059758,8.1,1.8411
1975-2,6.24,6.25,7.39,11.22881356,11.67728238,75.14,-5.7727,50.357,-0.086225,8.1,1.8411
1975-3,5.54,5.5,7.73,10.25104603,11.36842105,74.218,-6.6947,49.829,-0.098529,8.6,2.3411
1975-4,5.49,5.25,8.23,10.20833333,11.27348643,74.08,-6.8327,49.823,-0.10045,8.8,2.5411
1975-5,5.22,5.25,8.06,9.465020576,10.53719008,73.859,-7.0537,49.761,-0.10353,9,2.7411
1975-6,5.55,5.25,7.86,9.387755102,9.591836735,74.211,-6.7017,50.086,-0.098911,8.8,2.5411
1975-7,6.1,5.25,8.06,9.71659919,9.090909091,74.885,-6.0277,50.63,-0.090043,8.6,2.3411
1975-8,6.14,5.25,8.4,8.6,8.183632735,75.461,-5.4517,51.111,-0.082574,8.4,2.1411
1975-9,6.24,5.25,8.43,7.90513834,7.692307692,76.303,-4.6097,51.776,-0.071686,8.4,2.1411
1975-10,5.82,5.25,8.14,7.436399217,7.01754386,76.428,-4.4847,51.958,-0.070271,8.4,2.1411
1975-11,5.22,5.25,8.05,7.378640777,6.756756757,76.477,-4.4357,52.092,-0.069843,8.3,2.0411
1975-12,5.2,5.25,8,6.936416185,6.730769231,77.296,-3.6167,52.753,-0.059437,8.2,1.9411
1976-1,4.87,4.75,7.74,6.717850288,6.704980843,78.248,-2.6647,53.509,-0.047464,7.9,1.6411
1976-2,4.77,4.75,7.79,6.285714286,6.463878327,78.778,-2.1347,53.981,-0.040991,7.7,1.4411
1976-3,4.84,4.75,7.73,6.072106262,6.616257089,78.647,-2.2657,54.003,-0.042944,7.6,1.3411
1976-4,4.82,4.75,7.56,6.049149338,6.378986867,79.059,-1.8537,54.398,-0.038065,7.7,1.4411
1976-5,5.29,4.75,7.9,6.203007519,6.542056075,79.177,-1.7357,54.594,-0.036923,7.4,1.1411
1976-6,5.48,4.75,7.86,5.970149254,6.517690875,78.973,-1.9397,54.57,-0.039862,7.6,1.3411
1976-7,5.31,4.75,7.83,5.350553506,6.666666667,79.279,-1.6337,54.899,-0.03639,7.8,1.5411
1976-8,5.29,4.75,7.77,5.709023941,6.826568266,79.689,-1.2237,55.301,-0.03167,7.8,1.5411
1976-9,5.25,4.75,7.59,5.494505495,6.776556777,79.697,-1.2157,55.425,-0.03204,7.6,1.3411
1976-10,5.02,4.75,7.41,5.464480874,6.739526412,79.631,-1.2817,55.5,-0.033327,7.7,1.4411
1976-11,4.95,4.75,7.29,4.882459313,6.50994575,80.653,-0.25969,56.338,-0.021004,7.8,1.5411
1976-12,4.65,4.75,6.87,4.864864865,6.126126126,81.314,0.40131,56.928,-0.013271,7.8,1.5411
1977-1,4.61,4.75,7.21,5.215827338,6.283662478,80.673,-0.23969,56.606,-0.021643,7.5,1.2411
1977-2,4.68,4.75,7.39,5.913978495,6.25,81.685,0.77231,57.449,-0.0095712,7.6,1.3411
1977-3,4.69,4.75,7.46,6.440071556,6.205673759,82.474,1.5613,58.143,-0.00027973,7.4,1.1411
1977-4,4.73,4.75,7.37,6.951871658,6.349206349,83.043,2.1303,58.686,0.006299,7.2,0.94111
1977-5,5.35,4.75,7.46,6.725663717,6.315789474,83.462,2.5493,59.13,0.011124,7,0.74111
1977-6,5.39,4.75,7.28,6.866197183,6.643356643,83.825,2.9123,59.541,0.015348,7.2,0.94111
1977-7,5.42,4.75,7.33,6.830122592,6.25,83.836,2.9233,59.707,0.015444,6.9,0.64111
1977-8,5.9,6,7.4,6.620209059,6.21761658,83.708,2.7953,59.777,0.013947,7,0.74111
1977-9,6.14,6.25,7.34,6.597222222,6.174957118,83.89,2.9773,60.073,0.016243,6.8,0.54111
1977-10,6.47,6.25,7.52,6.390328152,5.972696246,83.945,3.0323,60.281,0.017084,6.8,0.54111
1977-11,6.51,6.25,7.58,6.724137931,5.942275042,83.751,2.8383,60.313,0.015033,6.8,0.54111
1977-12,6.56,6.25,7.69,6.701030928,6.451612903,83.601,2.6883,60.376,0.013533,6.4,0.14111
1978-1,6.7,6.75,7.96,6.837606838,6.418918919,82.201,1.2883,59.532,-0.0030464,6.4,0.14111
1978-2,6.78,6.75,8.03,6.429780034,6.218487395,82.363,1.4503,59.817,-0.00072641,6.3,0.041106
1978-3,6.79,6.75,8.04,6.554621849,6.343906511,83.685,2.7723,60.947,0.015583,6.3,0.041106
1978-4,6.89,7.25,8.15,6.5,6.467661692,85.066,4.1533,62.124,0.032359,6.1,-0.15889
1978-5,7.36,7.5,8.35,6.965174129,6.765676568,85.151,4.2383,62.355,0.033777,6,-0.25889
1978-6,7.6,7.75,8.46,7.413509061,7.049180328,85.478,4.5653,62.763,0.038067,5.9,-0.35889
1978-7,7.81,7.75,8.64,7.704918033,7.352941176,85.248,4.3353,62.76,0.035853,6.2,-0.058894
1978-8,8.04,8.25,8.41,7.843137255,7.479674797,85.329,4.4163,62.983,0.037302,5.9,-0.35889
1978-9,8.45,8.75,8.42,8.306188925,7.915993538,85.344,4.4313,63.155,0.038003,6,-0.25889
1978-10,8.96,9,8.64,8.928571429,8.373590982,85.85,4.9373,63.69,0.044486,5.8,-0.45889
1978-11,9.76,9,8.81,8.885298869,8.653846154,86.285,5.3723,64.171,0.050132,5.9,-0.35889
1978-12,10.03,10,9.01,9.017713366,8.452950558,86.617,5.7043,64.575,0.054608,6,-0.25889
1979-1,10.07,10,9.1,9.28,8.571428571,85.791,4.8783,64.11,0.04566,5.9,-0.35889
1979-2,10.06,10,9.1,9.856915739,9.17721519,86.098,5.1853,64.491,0.049943,5.9,-0.35889
1979-3,10.09,10,9.12,10.09463722,9.262166405,86.162,5.2493,64.687,0.051416,5.8,-0.45889
1979-4,10.01,10.25,9.18,10.48513302,9.345794393,85.111,4.1983,64.043,0.039929,5.8,-0.45889
1979-5,10.24,10.25,9.25,10.85271318,9.42812983,85.521,4.6083,64.494,0.045543,5.6,-0.65889
1979-6,10.29,10.25,8.91,10.88957055,9.341500766,85.329,4.4163,64.49,0.044157,5.7,-0.55889
1979-7,10.47,10.5,8.95,11.26331811,9.589041096,84.998,4.0853,64.377,0.041157,5.7,-0.55889
1979-8,10.94,11,9.03,11.81818182,9.984871407,84.226,3.3133,63.925,0.03294,6,-0.25889
1979-9,11.43,11.5,9.33,12.18045113,9.880239521,84.16,3.2473,64.004,0.033078,5.9,-0.35889
1979-10,13.77,13,10.3,12.07153502,10.10401189,84.427,3.5143,64.335,0.037211,6,-0.25889
1979-11,13.18,13,10.65,12.61127596,10.61946903,84.178,3.2653,64.271,0.035259,5.9,-0.35889
1979-12,13.78,13,10.39,13.29394387,11.32352941,84.143,3.2303,64.368,0.035877,6,-0.25889
1980-1,13.82,13.5,10.8,13.90922401,11.98830409,84.328,3.4153,64.63,0.039112,6.3,0.041106
1980-2,14.13,13.5,12.41,14.18234443,12.02898551,84.207,3.2943,64.658,0.038777,6.3,0.041106
1980-3,17.19,16.5,12.75,14.75644699,12.5,83.751,2.8383,64.428,0.034501,6.3,0.041106
1980-4,17.61,16,11.47,14.73087819,12.96296296,81.95,1.0373,63.158,0.013932,6.9,0.64111
1980-5,10.98,11.25,10.18,14.40559441,13.27683616,79.742,-1.1707,61.57,-0.012146,7.5,1.2411
1980-6,9.47,11.25,9.78,14.38450899,13.58543417,78.581,-2.3317,60.787,-0.025516,7.6,1.3411
1980-7,9.03,11.25,10.25,13.13269494,12.36111111,77.927,-2.9857,60.394,-0.032535,7.8,1.5411
1980-8,9.61,11,11.1,12.87262873,11.82943604,78.032,-2.8807,60.59,-0.029794,7.7,1.4411
1980-9,10.87,11,11.51,12.60053619,11.98910082,79.158,-1.7547,61.582,-0.014023,7.5,1.2411
1980-10,12.81,12,11.75,12.76595745,12.28070175,79.953,-0.95969,62.323,-0.0025048,7.5,1.2411
1980-11,15.85,15,12.68,12.64822134,12.13333333,81.139,0.22631,63.375,0.013814,7.5,1.2411
1980-12,18.9,17.5,12.84,12.51629726,12.15323646,81.449,0.53631,63.747,0.019265,7.2,0.94111
1981-1,19.08,17.5,12.57,11.8251928,11.35770235,80.835,-0.077687,63.397,0.013374,7.5,1.2411
1981-2,15.93,17.5,13.19,11.40684411,10.86675291,80.264,-0.64869,63.086,0.0080818,7.4,1.1411
1981-3,14.7,15.5,13.12,10.48689139,9.961685824,80.496,-0.41669,63.409,0.012822,7.4,1.1411
1981-4,15.72,15.5,13.68,10,9.457755359,79.962,-0.95069,63.128,0.0080172,7.2,0.94111
1981-5,18.52,19,14.1,9.7799511,9.476309227,80.327,-0.58569,63.561,0.014489,7.5,1.2411
1981-6,19.1,19,13.47,9.552599758,9.371146732,80.53,-0.38269,63.869,0.018954,7.5,1.2411
1981-7,19.04,18,14.28,10.7617896,11.12484549,80.894,-0.018687,64.309,0.025442,7.2,0.94111
1981-8,17.82,18,14.94,10.80432173,11.56211562,80.706,-0.20669,64.313,0.025112,7.4,1.1411
1981-9,15.87,18,15.32,10.95238095,11.80048662,79.981,-0.93169,63.89,0.018103,7.6,1.3411
1981-10,15.08,14.5,15.15,10.14150943,10.9375,79.207,-1.7057,63.424,0.010349,7.9,1.6411
1981-11,13.31,13,13.39,9.590643275,10.22592152,78.172,-2.7407,62.748,-0.00082837,8.3,2.0411
1981-12,12.37,12,13.72,8.922363847,9.540636042,77.152,-3.7607,62.078,-0.012059,8.5,2.2411
1982-1,13.22,12,14.59,8.390804598,9.261430246,75.519,-5.3937,60.908,-0.031621,8.6,2.3411
1982-2,14.78,14,14.43,7.622298066,9.101516919,76.786,-4.1267,62.076,-0.013204,8.9,2.6411
1982-3,14.68,14,13.86,6.779661017,8.826945412,76.036,-4.8767,61.611,-0.02135,9,2.7411
1982-4,14.94,14,13.87,6.509539843,8.870967742,75.242,-5.6707,61.103,-0.03031,9.3,3.0411
1982-5,14.45,12.5,13.62,6.681514477,8.656036446,74.573,-6.3397,60.689,-0.037847,9.4,3.1411
1982-6,14.15,12.5,14.3,7.06401766,8.568207441,74.13,-6.7827,60.45,-0.042594,9.6,3.3411
1982-7,12.59,12.5,13.95,6.441048035,7.563959956,73.719,-7.1937,60.228,-0.047139,9.8,3.5411
1982-8,10.12,9,13.06,5.850487541,7.056229327,72.993,-7.9197,59.738,-0.056245,9.8,3.5411
1982-9,10.31,9,12.34,5.042918455,5.875952122,72.557,-8.3557,59.473,-0.0617,10.1,3.8411
1982-10,9.71,8.75,10.91,5.139186296,5.850487541,71.851,-9.0617,58.976,-0.071176,10.4,4.1411
1982-11,9.2,8,10.55,4.589114194,5.285868393,71.467,-9.4457,58.733,-0.076467,10.8,4.5411
1982-12,8.95,8,10.54,3.829787234,4.516129032,70.789,-10.124,58.238,-0.086171,10.8,4.5411
1983-1,8.68,8,10.46,3.711558855,4.721030043,72.096,-8.8167,59.367,-0.068292,10.4,4.1411
1983-2,8.51,8,10.72,3.488372093,4.705882353,71.575,-9.3377,58.985,-0.076148,10.4,4.1411
1983-3,8.77,8,10.51,3.597883598,4.69583778,72.144,-8.7687,59.495,-0.069019,10.3,4.0411
1983-4,8.8,8,10.4,3.898840885,4.338624339,72.983,-7.9297,60.222,-0.058431,10.2,3.9411
1983-5,8.63,8,10.38,3.549060543,3.5639413,73.483,-7.4297,60.667,-0.052704,10.1,3.8411
1983-6,8.98,8,10.85,2.577319588,2.907580478,73.852,-7.0607,61.003,-0.048889,10.1,3.8411
1983-7,9.37,8,11.38,2.461538462,2.998965874,74.985,-5.9277,61.97,-0.034942,9.4,3.1411
1983-8,9.56,8,11.85,2.558853634,2.98661174,75.775,-5.1377,62.658,-0.025749,9.5,3.2411
1983-9,9.45,8,11.65,2.860061287,3.494347379,76.915,-3.9977,63.641,-0.012096,9.2,2.9411
1983-10,9.48,8,11.54,2.851323829,3.684749232,77.498,-3.4147,64.17,-0.0057916,8.8,2.5411
1983-11,9.34,8,11.69,3.265306122,4.303278689,77.651,-3.2617,64.349,-0.0050371,8.5,2.2411
1983-12,9.47,8,11.83,3.790983607,4.835390947,77.955,-2.9577,64.662,-0.0022693,8.3,2.0411
1984-1,9.56,8,11.67,4.192229039,4.81557377,79.508,-1.4047,66.012,0.01626,8,1.7411
1984-2,9.59,8,11.84,4.596527068,4.80081716,79.775,-1.1377,66.308,0.018554,7.8,1.5411
1984-3,9.91,10.25,12.32,4.80081716,4.99490316,80.053,-0.85969,66.622,0.021057,7.8,1.5411
1984-4,10.29,10.5,12.63,4.563894523,4.969574037,80.418,-0.49469,67.018,0.024725,7.7,1.4411
1984-5,10.32,10.5,13.41,4.233870968,5.16194332,80.69,-0.22269,67.344,0.027283,7.4,1.1411
1984-6,11.06,11,13.56,4.221105528,5.146316852,80.853,-0.059688,67.59,0.028604,7.2,0.94111
1984-7,11.23,11.25,13.36,4.204204204,5.020080321,80.961,0.048312,67.798,0.029323,7.5,1.2411
1984-8,11.64,11.4375,12.72,4.291417166,5.1,80.881,-0.031688,67.855,0.027784,7.5,1.2411
1984-9,11.3,11,12.52,4.270109235,5.064548163,80.599,-0.31369,67.747,0.023788,7.3,1.0411
1984-10,9.99,10,12.16,4.257425743,4.935834156,80.357,-0.55569,67.678,0.020345,7.4,1.1411
1984-11,9.43,9,11.57,4.051383399,4.616895874,80.523,-0.38969,67.957,0.022016,7.2,0.94111
1984-12,8.38,8.125,11.5,3.948667325,4.710500491,80.443,-0.46969,68.033,0.020674,7.3,1.0411
1985-1,8.35,8.25,11.38,3.532875368,4.49657869,80.045,-0.86769,67.843,0.015402,7.3,1.0411
1985-2,8.5,8.5,11.51,3.515625,4.678362573,80.22,-0.69269,68.141,0.017295,7.2,0.94111
1985-3,8.58,8.5,11.86,3.703703704,4.757281553,80.153,-0.75969,68.235,0.016172,7.2,0.94111
1985-4,8.27,8.25,11.43,3.685741998,4.541062802,79.852,-1.0607,68.129,0.012103,7.3,1.0411
1985-5,7.97,7.75,10.85,3.771760155,4.523580366,79.722,-1.1907,68.167,0.010137,7.2,0.94111
1985-6,7.53,7.75,10.16,3.760848602,4.414587332,79.578,-1.3347,68.19,0.0079409,7.4,1.1411
1985-7,7.88,7.75,10.31,3.554274736,4.206500956,78.891,-2.0217,67.742,-0.0011926,7.4,1.1411
1985-8,7.9,7.875,10.33,3.349282297,4.091341579,79.098,-1.8147,68.057,0.00089695,7.1,0.84111
1985-9,7.92,8,10.37,3.142857143,3.969754253,79.289,-1.6237,68.353,0.0026801,7.1,0.84111
1985-10,7.99,8,10.24,3.228869896,4.139228598,78.857,-2.0557,68.105,-0.0035175,7.1,0.84111
1985-11,8.05,8,9.78,3.51377018,4.41314554,78.987,-1.9257,68.336,-0.0026997,7,0.74111
1985-12,8.27,7.75,9.26,3.798670465,4.311152765,79.679,-1.2337,69.046,0.0050637,7,0.74111
1986-1,8.14,7.75,9.19,3.886255924,4.396632367,79.987,-0.92569,69.419,0.0078748,6.7,0.44111
1986-2,7.86,7.75,8.7,3.113207547,4.189944134,79.227,-1.6857,68.857,-0.0028335,7.2,0.94111
1986-3,7.48,7.25,7.78,2.255639098,4.077849861,78.636,-2.2767,68.435,-0.011563,7.2,0.94111
1986-4,6.99,6.75,7.3,1.590271282,4.15896488,78.531,-2.3817,68.431,-0.014205,7.1,0.84111
1986-5,6.85,6.8125,7.71,1.491146319,3.959484346,78.589,-2.3237,68.567,-0.014803,7.2,0.94111
1986-6,6.92,6.875,7.8,1.765799257,3.952205882,78.243,-2.6697,68.348,-0.020586,7.2,0.94111
1986-7,6.56,6.375,7.3,1.576994434,4.128440367,78.611,-2.3017,68.754,-0.017246,7,0.74111
1986-8,6.17,5.875,7.17,1.574074074,4.021937843,78.383,-2.5297,68.641,-0.02147,6.9,0.64111
1986-9,5.89,5.875,7.45,1.754385965,4.090909091,78.427,-2.4857,68.769,-0.022183,7,0.74111
1986-10,5.85,5.875,7.43,1.471941122,3.974706414,78.668,-2.2447,69.074,-0.020327,7,0.74111
1986-11,6.04,5.875,7.25,1.28440367,3.776978417,78.931,-1.9817,69.405,-0.018109,6.9,0.64111
1986-12,6.91,6,7.11,1.0978957,3.773584906,79.496,-1.4167,70.007,-0.012026,6.6,0.34111
1987-1,6.43,6,7.08,1.459854015,3.76344086,79.132,-1.7807,69.795,-0.0176,6.6,0.34111
1987-2,6.1,6,7.25,2.104300091,3.753351206,80.023,-0.88969,70.697,-0.0072866,6.6,0.34111
1987-3,6.13,6,7.25,3.033088235,4.007123776,79.989,-0.92369,70.786,-0.0085397,6.6,0.34111
1987-4,6.37,6.5,8.02,3.775322284,4.170363798,80.317,-0.59569,71.198,-0.0052287,6.3,0.041106
1987-5,6.85,6.75,8.61,3.856749311,4.162976085,80.713,-0.19969,71.672,-0.0010646,6.3,0.041106
1987-6,6.73,6.75,8.4,3.652968037,4.067197171,80.961,0.048312,72.016,0.0012761,6.2,-0.058894
1987-7,6.58,6.625,8.45,3.926940639,3.964757709,81.328,0.41531,72.463,0.0050428,6.1,-0.15889
1987-8,6.73,6.75,8.76,4.284412033,4.217926186,81.772,0.85931,72.972,0.0096504,6,-0.25889
1987-9,7.22,7.3125,9.42,4.355716878,4.279475983,81.834,0.92131,73.134,0.0095074,5.9,-0.35889
1987-10,7.29,7,9.52,4.533091568,4.344048653,82.919,2.0063,74.203,0.021692,6,-0.25889
1987-11,6.69,6.8125,8.86,4.528985507,4.419410745,83.257,2.3443,74.596,0.024684,5.8,-0.45889
1987-12,6.77,6.8125,8.99,4.43438914,4.242424242,83.541,2.6283,74.932,0.026926,5.7,-0.55889
1988-1,6.83,6.625,8.67,4.04676259,4.317789292,83.485,2.5723,74.956,0.025035,5.7,-0.55889
1988-2,6.58,6.5,8.21,3.94265233,4.306632214,83.713,2.8003,75.226,0.026462,5.7,-0.55889
1988-3,6.58,6.75,8.37,3.925066905,4.366438356,83.871,2.9583,75.427,0.027005,5.7,-0.55889
1988-4,6.87,6.75,8.72,3.904170364,4.258943782,84.218,3.3053,75.792,0.029751,5.4,-0.85889
1988-5,7.09,7.25,9.09,3.890362511,4.336734694,84.111,3.1983,75.747,0.027123,5.6,-0.65889
1988-6,7.51,7.5,8.92,3.964757709,4.502973662,84.248,3.3353,75.923,0.027456,5.4,-0.85889
1988-7,7.75,7.6875,9.06,4.130052724,4.491525424,84.324,3.4113,76.044,0.027108,5.4,-0.85889
1988-8,8.01,7.75,9.26,4.020979021,4.384485666,84.676,3.7633,76.421,0.030161,5.6,-0.65889
1988-9,8.19,7.75,8.98,4.173913043,4.438860972,84.364,3.4513,76.204,0.025473,5.4,-0.85889
1988-10,8.3,7.75,8.8,4.249783174,4.496253122,84.766,3.8533,76.642,0.029407,5.4,-0.85889
1988-11,8.35,8.375,8.96,4.24610052,4.398340249,84.811,3.8983,76.767,0.029286,5.3,-0.95889
1988-12,8.76,8.75,9.11,4.419410745,4.651162791,85.052,4.1393,77.079,0.031638,5.3,-0.95889
1989-1,9.12,9,9.09,4.667242869,4.635761589,85.148,4.2353,77.28,0.032584,5.4,-0.85889
1989-2,9.36,9.75,9.17,4.827586207,4.789430223,84.609,3.6963,76.904,0.026093,5.2,-1.0589
1989-3,9.85,9.75,9.36,4.978540773,4.675963905,84.728,3.8153,77.139,0.027574,5,-1.2589
1989-4,9.84,9.75,9.18,5.12382579,4.575163399,84.517,3.6043,77.083,0.025318,5.2,-1.0589
1989-5,9.81,9.8125,8.86,5.361702128,4.56397718,83.771,2.8583,76.548,0.016863,5.2,-1.0589
1989-6,9.53,9.5625,8.28,5.169491525,4.471544715,83.622,2.7093,76.564,0.015618,5.3,-0.95889
1989-7,9.24,9.0625,8.02,4.978902954,4.622871046,82.673,1.7603,75.851,0.0048435,5.2,-1.0589
1989-8,8.99,9.0625,8.11,4.705882353,4.442649435,83.287,2.3743,76.574,0.012944,5.2,-1.0589
1989-9,9.02,9.0625,8.19,4.340567613,4.250200481,82.861,1.9483,76.346,0.0086057,5.3,-0.95889
1989-10,8.84,9.0625,8.01,4.492512479,4.302788845,82.653,1.7403,76.32,0.006936,5.3,-0.95889
1989-11,8.55,9.0625,7.87,4.655029094,4.372019078,82.703,1.7903,76.531,0.0083923,5.4,-0.85889
1989-12,8.45,8.25,7.84,4.647302905,4.365079365,83.08,2.1673,77.047,0.013829,5.4,-0.85889
1990-1,8.23,8.25,8.21,5.202312139,4.430379747,82.427,1.5143,76.572,0.0063815,5.4,-0.85889
1990-2,8.24,8.25,8.47,5.263157895,4.649330181,82.961,2.0483,77.234,0.013742,5.3,-0.95889
1990-3,8.28,8.25,8.59,5.233033524,4.937304075,83.163,2.2503,77.586,0.017055,5.2,-1.0589
1990-4,8.26,8.25,8.79,4.711616572,4.84375,82.969,2.0563,77.564,0.015547,5.4,-0.85889
1990-5,8.18,8.25,8.76,4.36187399,4.754481684,82.864,1.9513,77.621,0.015064,5.4,-0.85889
1990-6,8.29,8.25,8.48,4.673650282,4.902723735,82.96,2.0473,77.862,0.016949,5.2,-1.0589
1990-7,8.15,8,8.47,4.823151125,5.03875969,82.673,1.7603,77.737,0.014128,5.5,-0.75889
1990-8,8.13,8,8.75,5.617977528,5.491105955,82.743,1.8303,77.941,0.015531,5.7,-0.55889
1990-9,8.2,8,8.89,6.16,5.538461538,82.767,1.8543,78.096,0.016291,5.9,-0.35889
1990-10,8.11,7.75,8.72,6.289808917,5.271199389,82.049,1.1363,77.546,0.0079865,5.9,-0.35889
1990-11,7.81,7.5,8.39,6.274821287,5.255140899,80.928,0.015312,76.606,-0.0054624,6.2,-0.058894
1990-12,7.31,7,8.08,6.106264869,5.171102662,80.245,-0.66769,76.074,-0.013704,6.3,0.041106
1991-1,6.91,6.75,8.09,5.651491366,5.606060606,79.748,-1.1647,75.711,-0.019784,6.4,0.14111
1991-2,6.25,6.25,7.85,5.3125,5.647590361,79.129,-1.7837,75.229,-0.027495,6.6,0.34111
1991-3,6.12,6,8.11,4.895104895,5.227781927,78.635,-2.2777,74.862,-0.033741,6.8,0.54111
1991-4,5.91,5.75,8.04,4.887509697,5.141579732,78.649,-2.2637,74.976,-0.03361,6.7,0.44111
1991-5,5.78,5.75,8.07,4.953560372,5.133928571,79.366,-1.5467,75.762,-0.024611,6.9,0.64111
1991-6,5.9,5.75,8.28,4.695919938,4.970326409,80.037,-0.87569,76.507,-0.016297,6.9,0.64111
1991-7,5.82,5.75,8.27,4.447852761,4.79704797,79.926,-0.98669,76.508,-0.017798,6.8,0.54111
1991-8,5.66,5.5,7.9,3.799392097,4.618768328,79.924,-0.98869,76.615,-0.017963,6.9,0.64111
1991-9,5.45,5.25,7.65,3.391107762,4.518950437,80.485,-0.42769,77.264,-0.011138,6.9,0.64111
1991-10,5.21,5,7.53,2.921348315,4.42670537,80.205,-0.70769,77.111,-0.014783,7,0.74111
1991-11,4.81,4.75,7.42,2.989536622,4.486251809,79.973,-0.93969,77.006,-0.017862,7,0.74111
1991-12,4.43,4,7.09,3.064275037,4.410701374,79.599,-1.3137,76.767,-0.022742,7.3,1.0411
1992-1,4.03,4,7.03,2.600297177,3.945480631,79.079,-1.8337,76.344,-0.030097,7.3,1.0411
1992-2,4.06,4,7.34,2.818991098,3.777619387,79.506,-1.4067,76.899,-0.024743,7.4,1.1411
1992-3,3.98,4,7.54,3.185185185,3.903477644,79.956,-0.95669,77.481,-0.019153,7.4,1.1411
1992-4,3.73,3.75,7.48,3.180473373,3.89794472,80.35,-0.56269,78.012,-0.014335,7.4,1.1411
1992-5,3.82,3.75,7.39,3.02359882,3.821656051,80.555,-0.35769,78.365,-0.011896,7.6,1.3411
1992-6,3.76,3.75,7.26,3.088235294,3.816254417,80.362,-0.55069,78.333,-0.014444,7.8,1.5411
1992-7,3.25,3.25,6.84,3.15712188,3.732394366,80.827,-0.085688,78.943,-0.0088913,7.7,1.4411
1992-8,3.3,3.25,6.59,3.147877013,3.50385424,80.329,-0.58369,78.61,-0.015389,7.6,1.3411
1992-9,3.22,3,6.42,2.988338192,3.277545328,80.319,-0.59369,78.75,-0.015946,7.6,1.3411
1992-10,3.1,3,6.59,3.202328967,3.544127867,80.735,-0.17769,79.304,-0.01134,7.3,1.0411
1992-11,3.09,3,6.87,3.047895501,3.393351801,80.924,0.011313,79.633,-0.0096711,7.4,1.1411
1992-12,2.92,3,6.77,2.900652647,3.324099723,80.784,-0.12869,79.631,-0.012235,7.4,1.1411
1993-1,3.02,3,6.6,3.258508327,3.450655625,81.07,0.15731,80.044,-0.0096685,7.3,1.0411
1993-2,3.03,3,6.26,3.246753247,3.571428571,81.256,0.34331,80.352,-0.0085025,7.1,0.84111
1993-3,3.07,3,5.98,3.086862886,3.415300546,81.145,0.23231,80.362,-0.01112,7,0.74111
1993-4,2.96,3,5.97,3.225806452,3.478854025,81.265,0.35231,80.598,-0.010998,7.1,0.84111
1993-5,3,3,6.04,3.221188261,3.408316292,80.861,-0.051687,80.313,-0.017418,7.1,0.84111
1993-6,3.04,3,5.96,2.995720399,3.335602451,80.943,0.030312,80.512,-0.017889,7,0.74111
1993-7,3.06,3,5.81,2.775800712,3.190767142,81.078,0.16531,80.765,-0.017764,6.9,0.64111
1993-8,3.03,3,5.68,2.767920511,3.317535545,81,0.087312,80.81,-0.020286,6.8,0.54111
1993-9,3.09,3,5.36,2.689313517,3.241053342,81.222,0.30931,81.161,-0.019096,6.7,0.44111
1993-10,2.99,3,5.33,2.750352609,3.020134228,81.669,0.75631,81.748,-0.015099,6.8,0.54111
1993-11,3.02,3,5.72,2.676056338,3.081044876,81.918,1.0053,82.147,-0.013503,6.6,0.34111
1993-12,2.96,3,5.77,2.748414376,3.150134048,82.194,1.2813,82.585,-0.011521,6.5,0.24111
1994-1,3.05,3,5.75,2.52454418,2.935290193,82.384,1.4713,82.945,-0.010568,6.6,0.34111
1994-2,3.25,3.25,5.97,2.51572327,2.785145889,82.21,1.2973,82.951,-0.013952,6.6,0.34111
1994-3,3.34,3.5,6.48,2.506963788,2.906208719,82.804,1.8913,83.747,-0.0079167,6.5,0.24111
1994-4,3.56,3.75,6.97,2.361111111,2.768622281,83.039,2.1263,84.197,-0.0061294,6.4,0.14111
1994-5,4.01,4.25,7.18,2.288488211,2.834541859,83.326,2.4133,84.714,-0.0036344,6.1,-0.15889
1994-6,4.25,4.25,7.1,2.493074792,2.898550725,83.65,2.7373,85.287,-0.00057319,6.1,-0.15889
1994-7,4.26,4.25,7.3,2.770083102,2.894736842,83.58,2.6673,85.472,-0.0021378,6.1,-0.15889
1994-8,4.47,4.75,7.24,2.900552486,2.883355177,83.739,2.8263,85.903,-0.00088893,6,-0.25889
1994-9,4.73,4.75,7.46,2.963473467,3.008502289,83.62,2.7073,86.06,-0.0028919,5.9,-0.35889
1994-10,4.76,4.75,7.74,2.608098833,2.931596091,84.089,3.1763,86.837,0.0022211,5.8,-0.45889
1994-11,5.29,5.5,7.96,2.674897119,2.794022092,84.295,3.3823,87.356,0.0042608,5.6,-0.65889
1994-12,5.45,5.5,7.81,2.674897119,2.599090318,84.888,3.9753,88.29,0.010934,5.5,-0.75889
1995-1,5.53,5.5,7.78,2.804377565,2.851587816,84.841,3.9283,88.575,0.010155,5.6,-0.65889
1995-2,5.92,6,7.47,2.862985685,2.967741935,84.531,3.6183,88.591,0.006294,5.4,-0.85889
1995-3,5.98,6,7.2,2.85326087,2.952503209,84.271,3.3583,88.67,0.0031067,5.4,-0.85889
1995-4,6.05,6,7.06,3.052917232,3.078896729,83.893,2.9803,88.634,-0.0014138,5.8,-0.45889
1995-5,6.01,6,6.63,3.186440678,3.076923077,83.681,2.7683,88.78,-0.0039167,5.6,-0.65889
1995-6,6,6,6.17,3.040540541,3.008962868,83.584,2.6713,89.056,-0.0049942,5.6,-0.65889
1995-7,5.85,5.75,6.28,2.762803235,3.00511509,82.917,2.0043,88.727,-0.012908,5.7,-0.55889
1995-8,5.74,5.75,6.49,2.617449664,2.929936306,83.678,2.7653,89.935,-0.0036275,5.7,-0.55889
1995-9,5.8,5.75,6.2,2.543507363,2.920634921,83.655,2.7423,90.31,-0.0037367,5.6,-0.65889
1995-10,5.76,5.75,6.04,2.809364548,3.037974684,83.151,2.2383,90.172,-0.0095624,5.5,-0.75889
1995-11,5.8,5.75,5.93,2.605210421,3.034134008,82.962,2.0493,90.377,-0.011612,5.6,-0.65889
1995-12,5.6,5.5,5.71,2.538410154,3.03989867,83.018,2.1053,90.852,-0.010714,5.6,-0.65889
1996-1,5.56,5.25,5.65,2.727877578,2.961562697,81.89,0.97731,90.032,-0.024144,5.6,-0.65889
1996-2,5.22,5.25,5.81,2.650762094,2.882205514,82.709,1.7963,91.352,-0.013971,5.5,-0.75889
1996-3,5.31,5.25,6.27,2.84015852,2.805486284,82.143,1.2303,91.147,-0.020616,5.5,-0.75889
1996-4,5.22,5.25,6.51,2.896642528,2.675793404,82.531,1.6183,92,-0.015713,5.6,-0.65889
1996-5,5.24,5.25,6.74,2.890932983,2.674129353,82.688,1.7753,92.599,-0.013647,5.6,-0.65889
1996-6,5.27,5.25,6.91,2.754098361,2.672467371,83.068,2.1553,93.449,-0.0089418,5.3,-0.95889
1996-7,5.4,5.25,6.87,2.950819672,2.731222843,82.588,1.6753,93.326,-0.014697,5.5,-0.75889
1996-8,5.22,5.25,6.64,2.877697842,2.599009901,82.765,1.8523,93.941,-0.012569,5.1,-1.1589
1996-9,5.3,5.25,6.83,3.002610966,2.652683529,82.922,2.0093,94.534,-0.010717,5.2,-1.0589
1996-10,5.24,5.25,6.53,2.992843201,2.57985258,82.602,1.6893,94.582,-0.014646,5.2,-1.0589
1996-11,5.31,5.25,6.2,3.255208333,2.576687117,83.002,2.0893,95.462,-0.0098155,5.4,-0.85889
1996-12,5.29,5.25,6.3,3.32247557,2.642901045,83.232,2.3193,96.154,-0.0070132,5.4,-0.85889
1997-1,5.25,5.25,6.58,3.044041451,2.509179927,83.094,2.1813,96.441,-0.0084399,5.3,-0.95889
1997-2,5.19,5.25,6.42,3.034215623,2.496954933,83.714,2.8013,97.618,-0.00069966,5.2,-1.0589
1997-3,5.39,5.5,6.69,2.761721259,2.486355367,83.713,2.8003,98.086,-0.00028663,5.2,-1.0589
1997-4,5.51,5.5,6.89,2.495201536,2.666666667,83.501,2.5883,98.314,-0.0023105,5.1,-1.1589
1997-5,5.5,5.5,6.71,2.234993614,2.54391278,83.389,2.4763,98.676,-0.0029532,4.9,-1.3589
1997-6,5.56,5.5,6.49,2.297383535,2.421307506,83.397,2.4843,99.198,-0.0019638,5,-1.2589
1997-7,5.52,5.5,6.22,2.229299363,2.416918429,83.485,2.5723,99.835,0.0001853,4.9,-1.3589
1997-8,5.54,5.5,6.3,2.22504768,2.291917973,83.839,2.9263,100.816,0.0057502,4.8,-1.4589
1997-9,5.54,5.5,6.21,2.154626109,2.163461538,84.103,3.1903,101.713,0.010437,4.9,-1.3589
1997-10,5.5,5.5,6.03,2.0846494,2.275449102,84.284,3.3713,102.533,0.014341,4.7,-1.5589
1997-11,5.52,5.5,5.88,1.828499369,2.153110048,84.318,3.4053,103.192,0.016672,4.6,-1.6589
1997-12,5.5,5.5,5.81,1.702395965,2.215568862,84.122,3.2093,103.579,0.016392,4.7,-1.5589
1998-1,5.56,5.5,5.54,1.571338781,2.208955224,84.009,3.0963,104.069,0.017144,4.6,-1.6589
1998-2,5.51,5.5,5.57,1.441102757,2.257872846,83.646,2.7333,104.248,0.014954,4.6,-1.6589
1998-3,5.49,5.5,5.65,1.375,2.130177515,83.348,2.4353,104.502,0.013541,4.7,-1.5589
1998-4,5.45,5.5,5.64,1.435705368,2.12514758,83.39,2.4773,105.172,0.016151,4.3,-1.9589
1998-5,5.49,5.5,5.65,1.686445971,2.244536326,83.302,2.3893,105.667,0.017132,4.4,-1.8589
1998-6,5.56,5.5,5.5,1.684341859,2.245862884,82.522,1.6093,105.26,0.0096287,4.5,-1.7589
1998-7,5.54,5.5,5.46,1.682242991,2.241887906,81.933,1.0203,105.053,0.0040885,4.5,-1.7589
1998-8,5.55,5.5,5.34,1.616915423,2.476415094,83.054,2.1413,107.017,0.019114,4.5,-1.7589
1998-9,5.51,5.25,4.81,1.488833747,2.470588235,82.424,1.5113,106.711,0.012831,4.6,-1.6589
1998-10,5.07,5,4.53,1.485148515,2.283372365,82.68,1.7673,107.533,0.017164,4.5,-1.7589
1998-11,4.83,4.75,4.83,1.547987616,2.341920375,82.112,1.1993,107.269,0.011447,4.4,-1.8589
1998-12,4.68,4.75,4.65,1.611903286,2.401874634,81.961,1.0483,107.532,0.010719,4.4,-1.8589
1999-1,4.63,4.75,4.72,1.670792079,2.394859813,82.111,1.1983,108.181,0.013645,4.3,-1.9589
1999-2,4.76,4.75,5,1.605929586,2.091807089,82.097,1.1843,108.608,0.014579,4.4,-1.8589
1999-3,4.81,4.75,5.23,1.726263872,2.085747393,82.072,1.1593,109.01,0.015357,4.2,-2.0589
1999-4,4.74,4.75,5.18,2.276923077,2.196531792,81.946,1.0333,109.266,0.014875,4.3,-1.9589
1999-5,4.74,4.75,5.54,2.088452088,2.021952629,82.192,1.2793,110.011,0.018933,4.2,-2.0589
1999-6,4.76,5,5.9,1.963190184,2.080924855,81.867,0.95431,109.992,0.016116,4.3,-1.9589
1999-7,4.99,5,5.79,2.144607843,2.077322562,82.074,1.1613,110.681,0.019808,4.3,-1.9589
1999-8,5.07,5.25,5.94,2.264381885,1.898734177,82.27,1.3573,111.368,0.023538,4.2,-2.0589
1999-9,5.22,5.25,5.92,2.628361858,2.009184845,81.707,0.79431,111.028,0.018117,4.2,-2.0589
1999-10,5.2,5.25,6.11,2.56097561,2.060675444,82.335,1.4223,112.309,0.02732,4.1,-2.1589
1999-11,5.42,5.5,6.03,2.62195122,2.059496568,82.411,1.4983,112.841,0.029873,4.1,-2.1589
1999-12,5.3,5.5,6.28,2.684563758,1.945080092,82.904,1.9913,113.947,0.037548,4,-2.2589
2000-1,5.45,5.5,6.66,2.73889227,1.996577296,82.492,1.5793,113.814,0.034398,4,-2.2589
2000-2,5.73,5.75,6.52,3.221884498,2.162777462,82.499,1.5863,114.255,0.036377,4.1,-2.1589
2000-3,5.85,6,6.26,3.757575758,2.440408627,82.68,1.7673,114.934,0.040508,4,-2.2589
2000-4,6.02,6,5.99,3.068592058,2.319004525,82.945,2.0323,115.727,0.045683,3.8,-2.4589
2000-5,6.27,6.5,6.44,3.188929001,2.434881087,83.164,2.2513,116.449,0.050292,4,-2.2589
2000-6,6.53,6.5,6.1,3.730445247,2.491506229,82.86,1.9473,116.43,0.048608,4,-2.2589
2000-7,6.54,6.5,6.05,3.659268146,2.48728095,82.195,1.2823,115.885,0.042483,4,-2.2589
2000-8,6.5,6.5,5.83,3.411131059,2.597402597,81.673,0.76031,115.525,0.038022,4.1,-2.1589
2000-9,6.52,6.5,5.8,3.454437165,2.588632527,81.709,0.79631,115.942,0.040358,3.9,-2.3589
2000-10,6.51,6.5,5.74,3.448275862,2.523836231,81.065,0.15231,115.38,0.034309,3.9,-2.3589
2000-11,6.51,6.5,5.72,3.446226976,2.578475336,80.724,-0.18869,115.236,0.031944,3.9,-2.3589
2000-12,6.4,6.5,5.24,3.386809269,2.581369248,80.313,-0.59969,114.978,0.028657,3.9,-2.3589
2001-1,5.98,5.5,5.16,3.732227488,2.628635347,79.291,-1.6217,113.83,0.017643,4.2,-2.0589
2001-2,5.49,5.5,5.1,3.533568905,2.729805014,78.589,-2.3237,113.116,0.010432,4.2,-2.0589
2001-3,5.31,5,4.89,2.920560748,2.659279778,78.137,-2.7757,112.748,0.0063105,4.3,-1.9589
2001-4,4.8,4.5,5.14,3.269118506,2.598120509,77.777,-3.1357,112.496,0.0032619,4.4,-1.8589
2001-5,4.21,4,5.39,3.61516035,2.542841349,77.214,-3.6987,111.936,-0.0024929,4.3,-1.9589
2001-6,3.97,3.75,5.28,3.248259861,2.70718232,76.579,-4.3337,111.257,-0.0093001,4.5,-1.7589
2001-7,3.77,3.75,5.24,2.719907407,2.702702703,76.127,-4.7857,110.826,-0.013868,4.6,-1.6589
2001-8,3.65,3.5,4.97,2.719907407,2.696752889,75.915,-4.9977,110.734,-0.015352,4.9,-1.3589
2001-9,3.07,3,4.73,2.648244099,2.63302249,75.361,-5.5517,110.129,-0.021458,5,-1.2589
2001-10,2.49,2.5,4.57,2.126436782,2.625820569,74.963,-5.9497,109.738,-0.025618,5.3,-0.95889
2001-11,2.09,2,4.65,1.895462378,2.786885246,74.467,-6.4457,109.185,-0.031256,5.6,-0.65889
2001-12,1.82,1.75,5.09,1.551724138,2.735229759,74.368,-6.5447,109.199,-0.0317,5.7,-0.55889
2002-1,1.73,1.75,5.04,1.142204455,2.561307902,74.764,-6.1487,109.921,-0.025672,5.7,-0.55889
2002-2,1.74,1.75,4.91,1.137656428,2.603036876,74.552,-6.3607,109.727,-0.027993,5.7,-0.55889
2002-3,1.73,1.75,5.28,1.475595914,2.428494334,74.898,-6.0147,110.333,-0.023037,5.7,-0.55889
2002-4,1.75,1.75,5.21,1.639344262,2.532327586,75.126,-5.7867,110.742,-0.019889,5.9,-0.35889
2002-5,1.75,1.75,5.16,1.181767023,2.533692722,75.275,-5.6377,111.013,-0.018,5.8,-0.45889
2002-6,1.75,1.75,4.93,1.06741573,2.259279182,75.796,-5.1167,111.81,-0.011406,5.8,-0.45889
2002-7,1.73,1.75,4.65,1.464788732,2.201933405,75.704,-5.2087,111.677,-0.013165,5.8,-0.45889
2002-8,1.74,1.75,4.26,1.802816901,2.357984995,75.696,-5.2167,111.646,-0.014022,5.7,-0.55889
2002-9,1.75,1.75,3.87,1.514301739,2.244788883,75.703,-5.2097,111.62,-0.014848,5.7,-0.55889
2002-10,1.75,1.75,3.94,2.025886325,2.23880597,75.393,-5.5197,111.112,-0.020018,5.7,-0.55889
2002-11,1.34,1.25,4.05,2.198421646,1.967038809,75.494,-5.4187,111.199,-0.019861,5.9,-0.35889
2002-12,1.24,1.25,4.03,2.376910017,1.916932907,75.207,-5.7057,110.709,-0.024922,6,-0.25889
2003-1,1.24,1.25,4.05,2.597402597,1.912858661,75.38,-5.5327,110.891,-0.023947,5.8,-0.45889
2003-2,1.26,1.25,3.9,2.98087739,1.744186047,75.523,-5.3897,111.034,-0.023348,5.9,-0.35889
2003-3,1.25,1.25,3.81,3.020134228,1.685985248,75.238,-5.6747,110.551,-0.028422,5.8,-0.45889
2003-4,1.26,1.25,3.96,2.224694105,1.471361009,74.587,-6.3257,109.538,-0.038367,6,-0.25889
2003-5,1.26,1.25,3.57,2.057842047,1.577287066,74.687,-6.2257,109.64,-0.038203,6.1,-0.15889
2003-6,1.22,1,3.33,2.112284603,1.525512888,74.914,-5.9987,109.942,-0.036246,6.3,0.041106
2003-7,1.01,1,3.98,2.109938923,1.523909616,75.381,-5.5317,110.616,-0.030955,6.2,-0.058894
2003-8,1.03,1,4.45,2.158273381,1.308900524,75.315,-5.5977,110.528,-0.032599,6.1,-0.15889
2003-9,1.01,1,4.27,2.320441989,1.202300052,75.842,-5.0707,111.331,-0.026236,6.1,-0.15889
2003-10,1.01,1,4.29,2.040816327,1.303441084,75.964,-4.9487,111.559,-0.025092,6,-0.25889
2003-11,1,1,4.3,1.765030336,1.094890511,76.667,-4.2457,112.657,-0.016225,5.9,-0.35889
2003-12,0.98,1,4.27,1.879491432,1.149425287,76.772,-4.1407,112.892,-0.015093,5.7,-0.55889
2004-1,1,1,4.15,1.926252064,1.147028154,76.933,-3.9797,113.223,-0.013141,5.7,-0.55889
2004-2,1.01,1,4.08,1.6930639,1.246753247,77.679,-3.2337,114.426,-0.0035689,5.6,-0.65889
2004-3,1,1,3.83,1.737242128,1.606217617,77.389,-3.5237,114.11,-0.0073523,5.7,-0.55889
2004-4,1,1,4.35,2.285092492,1.760745728,77.732,-3.1807,114.736,-0.0029184,5.5,-0.75889
2004-5,1,1,4.72,3.051771117,1.708074534,78.189,-2.7237,115.534,0.0029579,5.6,-0.65889
2004-6,1.03,1.25,4.73,3.266194883,1.865284974,77.825,-3.0877,115.12,-0.0017026,5.6,-0.65889
2004-7,1.26,1.25,4.5,2.990755846,1.759834369,78.291,-2.6217,115.93,0.0042236,5.5,-0.75889
2004-8,1.43,1.5,4.28,2.654387866,1.705426357,78.282,-2.6307,116.036,0.0040393,5.4,-0.85889
2004-9,1.61,1.75,4.13,2.537796976,1.962809917,77.989,-2.9237,115.714,0.00015066,5.4,-0.85889
2004-10,1.76,1.75,4.1,3.189189189,2.007205353,78.544,-2.3687,116.649,0.0070787,5.5,-0.75889
2004-11,1.93,2,4.19,3.52303523,2.166064982,78.672,-2.2407,116.948,0.0085104,5.4,-0.85889
2004-12,2.16,2.25,4.23,3.255561584,2.169421488,79.246,-1.6667,117.908,0.01555,5.4,-0.85889
2005-1,2.28,2.25,4.22,2.969762419,2.268041237,79.066,-1.8467,117.753,0.013094,5.2,-1.0589
2005-2,2.5,2.5,4.17,3.007518797,2.36018471,79.353,-1.5597,118.303,0.016608,5.4,-0.85889
2005-3,2.63,2.75,4.5,3.148345784,2.345741968,79.473,-1.4397,118.595,0.017924,5.2,-1.0589
2005-4,2.79,2.75,4.34,3.510638298,2.239185751,79.047,-1.8657,118.067,0.01231,5.2,-1.0589
2005-5,3,3,4.14,2.802749868,2.188295165,79.241,-1.6717,118.466,0.01453,5.1,-1.1589
2005-6,3.35,3.25,4,2.530311017,2.034587996,79.795,-1.1177,119.406,0.021278,5,-1.2589
2005-7,3.26,3.25,4.18,3.167898627,2.136317396,79.785,-1.1277,119.506,0.02096,5,-1.2589
2005-8,3.5,3.5,4.26,3.64116095,2.134146341,79.823,-1.0897,119.678,0.021243,4.9,-1.3589
